Module,Map,Date,Duration (min),Activity
BWIB822,Intro.md,2026-02-19 16:55,4.12,Revision
BWIB817,Assignment_1.md,2026-02-19 16:56,0.29,Revision
BWIB818,SQL.md,2026-02-19 17:32,0.71,Revision
BWIM815,SADC_project.md,2026-02-19 19:14,2.84,Revision
BWIB822,Intro.md,2026-02-20 11:24,0.03,Revision
BWIB822,Intro.md,2026-02-20 11:27,3.24,Revision
BWIB822,RFM_analysis.md,2026-02-20 13:02,5.27,Revision
BWIB822,RFM_analysis.md,2026-02-20 20:24,0.17,Revision
BWIB822,RFM_analysis.md,2026-02-20 20:39,14.59,Revision
BWIB822,RFM_analysis.md,2026-02-21 12:52,6.68,Revision
BWIB822,RFM_analysis.md,2026-02-21 17:15,43.18,Revision
BWIB822,RFM_analysis.md,2026-02-21 17:58,0.72,Revision
BWIB822,acquisition_part_1.md,2026-02-22 21:49,0.82,Revision
BWIB822,RFM_analysis.md,2026-02-22 22:08,0.07,Revision
BWIB822,acquisition_part_1.md,2026-02-22 22:11,2.86,Revision
BWIB822,acquisition_part_1.md,2026-02-22 22:48,6.15,Revision
BWIB822,acquisition_part_1.md,2026-02-22 23:28,29.14,Revision
BWIB822,acquisition_part_1.md,2026-02-22 23:46,16.61,Revision
BWIB822,acquisition_part_1.md,2026-02-23 07:44,8.18,Revision
BWIB822,RFM_analysis.md,2026-02-23 07:53,8.93,Revision
BWIB822,acquisition_part_1.md,2026-02-23 11:18,18.95,Revision
BWIB822,acquisition_part_1.md,2026-02-23 22:11,39.79,Revision
BWIB822,RFM_analysis.md,2026-02-24 09:04,14.93,Revision
BWIB822,table_1.1.md,2026-02-24 09:27,21.27,Revision
BWIB822,acquisition_part_1.md,2026-02-24 11:23,15.87,Revision
BWIN817,Chapter_2.md,2026-02-24 21:56,29.84,Revision
BWIN817,Chapter_2_oversampling.md,2026-02-24 22:54,51.27,Revision
BWIN817,Chapter_3_Missing_Values.md,2026-02-25 13:28,24.22,Revision
BWIN817,Chapter_2.md,2026-02-25 19:15,8.37,Revision
BWIN817,Chapter_2_oversampling.md,2026-02-25 19:32,9.01,Revision
BWIN817,Chapter_3_categorical_inputs.md,2026-02-25 20:26,21.18,Revision
BWIN817,Chapter_3_categorical_inputs.md,2026-02-25 22:05,7.46,Revision
BWIN817,Chapter_3_Missing_Values.md,2026-02-26 00:39,63.75,Revision
BWIN817,Chapter_3_Missing_Values.md,2026-02-26 01:41,23.4,Revision
BWIN817,Chapter_3_Missing_Values.md,2026-02-26 01:43,1.29,Revision
BWIN817,Chapter_3_categorical_inputs.md,2026-02-26 02:39,40.0,Revision
BWIN817,Chapter_2_oversampling.md,2026-02-26 02:54,14.59,Revision
BWIN817,Chapter_3_Variable_clustering.md,2026-02-26 23:55,52.19,Revision
BWIN817,Chapter_3_Variable_clustering.md,2026-02-27 00:53,15.93,Revision
BWIN817,Chapter_3_categorical_inputs.md,2026-02-27 03:32,33.89,Revision
BWIN817,Chapter_3_Missing_Values.md,2026-02-27 14:51,18.62,Revision
BWIN817,Chapter_3_Missing_Values.md,2026-02-27 19:54,6.69,Revision
BWIN817,Chapter_2_oversampling.md,2026-02-27 20:06,11.78,Revision
BWIN817,Chapter_3_Variable_clustering.md,2026-02-27 20:50,39.81,Revision
BWIN817,Chapter_3_variable_screening.md,2026-02-27 22:22,23.58,Revision
BWIN817,Chapter_3_variable_screening.md,2026-02-27 23:29,42.12,Revision
BWIN817,Chapter_3_variable_screening.md,2026-02-27 23:46,15.35,Revision
BWIN817,Chapter_3_variable_screening.md,2026-03-01 01:01,33.33,Revision
BWIN817,Chapter_3_Variable_clustering.md,2026-03-01 01:50,48.02,Revision
BWIN817,Chapter_3_categorical_inputs.md,2026-03-01 02:22,26.73,Revision
BWIN817,Chapter_3_Missing_Values.md,2026-03-01 02:57,23.32,Revision
BWIN817,Chapter_2_oversampling.md,2026-03-01 03:14,15.72,Revision
BWIN817,Chapter_3_subset_selection.md,2026-03-01 03:59,17.11,Revision
BWIN817,Chapter_2.md,2026-03-01 04:09,1.86,Revision
BWIN817,Chapter_3_Missing_Values.md,2026-03-01 04:54,31.24,Revision
BWIN817,Chapter_3_variable_screening.md,2026-03-01 22:15,12.72,Revision
BWIB817,LP_basics,2026-03-04 12:35,5.43,Study Lab
BWIB817,LP_basics,2026-03-04 12:43,4.72,Study Lab
BWIB817,LP_basics,2026-03-04 13:07,23.42,Study Lab
BWIB817,LP_basics,2026-03-04 13:33,22.82,Study Lab
BWIB817,LP_basics,2026-03-04 19:17,5.44,Study Lab
BWIB817,LP_basics,2026-03-04 19:41,24.67,Study Lab
BWIB817,LP_basics.md,2026-03-05 08:48,2.29,Revision
BWIB817,LP_basics,2026-03-05 09:17,27.89,Study Lab
BWIM815,PPP,2026-03-16 03:11,53.31,Study Lab
BWIM815,PPP.md,2026-03-16 12:11,49.75,Blurt
BWIM815,project_proposal_notes.md,2026-03-16 13:29,4.75,Blurt
BWIM815,PPP.md,2026-03-16 13:42,13.25,Blurt
BWIM815,PPP.md,2026-03-16 16:44,15.86,Blurt
BWIM815,PPP.md,2026-03-16 17:04,3.93,Revision
BWIM815,project_proposal_notes.md,2026-03-16 17:10,5.17,Revision
BWIM815,PPP.md,2026-03-16 18:50,26.34,Revision
BWIM815,PPP.md,2026-03-17 21:59,42.8,Blurt
BWIB818,Business_intelligence,2026-03-23 18:22,14.39,Study Lab
BWIB818,Business_intelligence.md,2026-03-23 18:30,2.06,Blurt
BWIB818,database_fundamentals_3.md,2026-03-23 18:30,0.07,Blurt
BWIB818,Business_intelligence.md,2026-03-23 18:33,2.68,Blurt
BWIB818,Business_intelligence.md,2026-03-23 18:47,6.36,Blurt
BWIB818,Business_intelligence.md,2026-03-23 19:01,6.2,Blurt
BWIB818,Business_intelligence.md,2026-03-23 19:19,12.18,Blurt
BWIB818,Business_intelligence.md,2026-03-23 19:45,12.62,Blurt
BWIB818,Business_intelligence.md,2026-03-23 21:24,3.46,Blurt
BWIB818,database_fundamentals_3.md,2026-03-23 21:31,34.56,Revision
BWIB818,Business_intelligence.md,2026-03-24 12:09,0.18,Blurt
BWIB818,database_fundamentals_1,2026-03-24 13:33,46.46,Study Lab
BWIB818,database_fundamentals_2,2026-03-24 13:51,15.73,Study Lab
BWIB818,database_fundamentals_3,2026-03-24 20:21,54.83,Study Lab
BWIB818,database_fundamentals_3,2026-03-24 20:51,15.53,Study Lab
BWIB818,database_fundamentals_4,2026-03-24 23:45,23.96,Study Lab
BWIB818,database_fundamentals_2.md,2026-03-25 00:12,18.31,Revision
BWIB818,database_fundamentals_2.md,2026-03-25 00:25,12.99,Blurt
BWIB818,database_fundamentals_3.md,2026-03-25 15:32,28.03,Revision
BWIB818,database_fundamentals_3.md,2026-03-25 16:00,10.34,Revision
BWIB818,database_fundamentals_3.md,2026-03-26 00:52,12.09,Revision
BWIB818,database_fundamentals_4.md,2026-03-26 02:05,57.34,Revision
BWIB818,database_fundamentals_4.md,2026-03-27 16:08,3.23,Revision
BWIB818,database_fundamentals_2.md,2026-03-27 16:13,10.77,Blurt
BWIB818,database_fundamentals_3.md,2026-03-27 16:38,24.55,Blurt
BWIB818,database_fundamentals_3.md,2026-03-27 19:09,16.76,Revision
BWIB818,database_fundamentals_2.md,2026-03-28 00:15,7.11,Revision
BWIB818,database_fundamentals_1.md,2026-03-28 00:39,23.33,Revision
BWIB818,dimensional modelling,2026-03-28 19:48,28.67,Study Lab
BWIB818,dimensional modelling,2026-03-28 20:20,14.83,Study Lab
BWIB818,dimensional_modelling,2026-03-28 23:21,4.56,Study Lab
BWIB818,dimensional_modelling,2026-03-29 00:06,45.48,Study Lab
BWIB818,Business_intelligence.md,2026-03-29 10:33,21.45,Blurt
BWIB818,database_fundamentals_1.md,2026-03-29 12:06,34.43,Blurt
BWIB818,database_fundamentals_1.md,2026-03-29 12:19,6.54,Blurt
BWIB818,database_fundamentals_2.md,2026-03-29 12:28,22.09,Revision
BWIB818,database_fundamentals_2.md,2026-03-29 12:28,0.06,Revision
BWIB818,database_fundamentals_1.md,2026-03-29 12:34,5.69,Revision
BWIB818,database_fundamentals_2.md,2026-03-29 21:08,3.98,Revision
BWIB818,database_fundamentals_3.md,2026-03-29 21:50,37.28,Revision
BWIB818,database_fundamentals_4.md,2026-03-29 22:07,5.65,Revision
BWIB818,Business_intelligence.md,2026-03-29 22:09,1.7,Revision
BWIB818,Business_intelligence.md,2026-03-29 22:39,5.59,Blurt
BWIB818,database_fundamentals_2.md,2026-03-29 22:39,14.6,Revision
BWIB818,database_fundamentals_2.md,2026-03-31 00:54,0.65,Revision
BWIB818,database_fundamentals_2.md,2026-03-31 00:55,0.16,Blurt
BWIB817,LP_basics_revision,2026-03-31 03:27,42.53,Study Lab
BWIB817,LP_basics_revision,2026-03-31 23:33,55.33,Study Lab
BWIB817,LP_basics_revision,2026-04-01 00:57,83.95,Study Lab
BWIB817,LP_basics_revision,2026-04-01 02:10,73.34,Study Lab
BWIB817,LP_basics_revision,2026-04-01 02:11,0.88,Study Lab
BWIB817,LP_basics_revision.md,2026-04-01 02:38,1.12,Revision
BWIB817,LP_basics_revision.md,2026-04-01 02:40,0.37,Revision
BWIB817,LP_basics_revision.md,2026-04-01 02:49,0.29,Revision
BWIB817,LP_basics_revision.md,2026-04-01 20:27,0.17,Revision
BWIB817,LP_basics_revision.md,2026-04-01 21:31,14.18,Revision
BWIB817,seminar_5.md,2026-04-01 21:35,1.72,Revision
BWIB817,seminar_5.md,2026-04-01 21:37,2.1,Revision
BWIB817,LP_basics_revision.md,2026-04-01 21:38,0.97,Revision
BWIB817,LP_basics_revision.md,2026-04-01 21:45,1.26,Revision
BWIB817,LP_basics_revision.md,2026-04-01 22:33,3.46,Revision
BWIB822,Acquisition_part_2.md,2026-04-04 02:20,9.59,Revision
BWIB822,acquisition_part_3.md,2026-04-05 12:32,0.83,Revision
BWIB822,acquisition_part_3.md,2026-04-05 13:11,21.01,Revision
BWIN817,L11_seminar_4.md,2026-04-08 14:11,11.79,Revision
BWIN817,L10_seminar_4.md,2026-04-08 14:27,8.01,Semantic Recall
BWIN817,l13_seminar_4.md,2026-04-08 14:50,6.59,Semantic Recall
BWIN817,l13_seminar_4.md,2026-04-08 15:01,5.28,Semantic Recall
BWIN817,l13_seminar_4.md,2026-04-08 15:05,3.72,Semantic Recall
BWIN817,l13_seminar_4.md,2026-04-09 02:59,15.76,Semantic Recall
BWIN817,l13_seminar_4.md,2026-04-09 03:08,0.35,Semantic Recall
BWIN817,Chapter_2.md,2026-04-25 04:48,14.1,Revision
BWIN817,Chapter_2.md,2026-04-25 05:22,24.58,Revision
BWIN817,Chapter_2.md,2026-04-25 05:39,3.94,Revision
BWIN817,seminar_5_L15.md,2026-04-25 09:07,10.81,Revision
BWIN817,L16_seminar_5.md,2026-04-27 06:46,3.17,Revision
BWIN817,L17_seminar_5,2026-04-28 03:38,23.13,Study Lab
BWIN817,L17_seminar_5.md,2026-04-28 03:59,21.03,Revision
BWIN817,seminar_5_L15.md,2026-04-29 09:49,7.35,Blurt
BWIN817,L16_seminar_5.md,2026-04-30 01:47,4.76,Blurt
BWIN817,L16_seminar_5.md,2026-04-30 01:52,3.73,Revision
BWIN817,L17_seminar_5.md,2026-04-30 02:07,13.43,Blurt
BWIN817,seminar_5_L15.md,2026-05-01 08:02,9.4,Blurt
BWIB822,churn_managment_notes.md,2026-05-08 11:53,6.24,Reading
BWIB822,churn_managment_notes.md,2026-05-08 11:58,11.49,Reading
BWIB822,churn_managment_notes.md,2026-05-08 11:58,11.49,Reading
BWIB822,churn_managment_notes.md,2026-05-08 11:58,11.49,Reading
BWIB822,churn_managment_notes.md,2026-05-08 12:10,24.0,Reading
BWIB822,churn_managment_notes.md,2026-05-08 12:34,47.15,Reading
BWIB822,churn_managment_notes.md,2026-05-08 12:34,47.15,Reading
BWIB822,churn_managment_notes.md,2026-05-08 12:36,49.81,Reading
BWIB822,churn_managment_notes.md,2026-05-08 12:39,52.88,Reading
BWIB822,churn_managment_notes.md,2026-05-08 22:15,26.97,Blurt
BWIB822,churn_managment_notes.md,2026-05-08 22:29,3.03,Blurt
BWIB822,churn_managment_notes.md,2026-05-08 22:32,1.88,Blurt
BWIB817,assignment_5.md,2026-05-09 02:48,35.54,Reading
BWIB817,assignment_5.md,2026-05-09 03:00,48.13,Reading
BWIB817,assignment_5.md,2026-05-09 05:36,12.61,Reading
BWIB822,Retention_part_3.md,2026-05-10 22:01,15.95,Reading
BWIB822,Retention_part_3.md,2026-05-10 22:23,38.4,Reading
